{
    "piezoelectric_tensor": [
        0.02711489858270949,
        0.09718538573829894,
        0.034241480679314845,
        0.09799776380453441,
        0.10558898587155433,
        0.1043287593663637,
        0.049794609435609094,
        0.011087100456498113,
        0.23992071364704665,
        0.06565674641126233,
        0.16708355600680802
    ],
    "expt_eform": [
        0.27003962096120065,
        0.018564642424819963,
        0.004374959495922761,
        0.05824654207126881,
        0.00020060433769875617,
        0.587028911797796,
        0.04010184849356058,
        0.021441642504121994,
        1.2279136104575983e-06
    ],
    "mp_poly_total": [
        0.41175849427578065,
        0.0007088320036375412,
        0.022495753101229084,
        0.5650369206193527
    ],
    "mp_poisson_ratio": [
        0.032332852242772145,
        0.35351187596087075,
        0.1078687943619098,
        0.34597965643861955,
        0.11516624343715984,
        0.04514057755866796
    ],
    "jarvis_2d_dielectric_opt": [
        0.20909522557466004,
        0.10002697075203111,
        0.05867101966776184,
        0.02955710191185662,
        0.6026496820936904
    ],
    "jarvis_2d_eform": [
        0.18337406038332357,
        0.03237335704876956,
        0.015648460970276945,
        0.0007990296028565665,
        0.010555292719319327,
        0.0061925332539673646,
        0.685788811392858,
        0.06526845462862862
    ],
    "jarvis_2d_exfoliation": [
        0.09909578612682315,
        0.21618163242306832,
        0.5539654416030759,
        0.13075713984703263
    ],
    "jarvis_2d_gap_opt": [
        0.036461189817180745,
        0.2892140904706718,
        0.021682641237959238,
        0.06185690923755317,
        0.5858755472771598,
        0.004909621959475197
    ],
    "mp_elastic_anisotropy": [
        1.0
    ],
    "mp_eps_electronic": [
        0.10389859342951772,
        0.001692094744780659,
        0.05643422609726481,
        0.18846137636228016,
        0.011122593371583889,
        0.6383911159945728
    ],
    "mp_eps_total": [
        0.07817445717697165,
        0.0646663861816763,
        0.2163089018758091,
        0.640850254765543
    ],
    "mp_phonons": [
        0.17657187164586544,
        0.20778510374637815,
        0.03791384160077181,
        0.04720213546149939,
        0.04116284731330963,
        0.1790304490804496,
        0.07520474614721759,
        0.2351290050045084
    ],
    "mp_poly_electronic": [
        0.4983146548124597,
        0.02663166798254217,
        0.47505367720499814
    ],
    "expt_bandgap": [
        0.1731093239138889,
        0.5950000984725075,
        0.06045402717620676,
        0.0036523069162321953,
        0.09919971575649257,
        0.052924698610023246,
        0.01565982915464892
    ],
    "jarvis_3d_eps_tbmbj": [
        0.09894199900598516,
        0.035131669342080396,
        0.06972485729401508,
        0.035809036272679624,
        0.13927226467016346,
        0.0833765625689602,
        0.009841573537412756,
        0.14092938340263275,
        0.19957798872857568,
        0.0016786600731374737,
        0.18571600510435748
    ],
    "jarvis_3d_gap_tbmbj": [
        0.1513310678530917,
        0.01845403787233889,
        0.03687490575911662,
        0.004144736324383898,
        0.037494505957277595,
        0.6618994483652026,
        0.028071574685832976,
        0.06172972318275579
    ],
    "mp_dielectric": [
        0.06700637452308904,
        0.25095172083572787,
        0.03570058407832696,
        0.08649790435445895,
        0.16771550489699816,
        0.027535685027207497,
        0.2678468625473907,
        0.01791653681006864,
        0.0788288269267321
    ]
}