{
    "piezoelectric_tensor": [
        0.05831821283537354,
        0.16796144138339686,
        0.025542874652014935,
        0.05294737472822347,
        0.19131116253951386,
        0.06273407492132865,
        0.35716842069064936,
        0.08401643824949934
    ],
    "expt_eform": [
        0.34545673487349915,
        0.014324194231073457,
        0.02210354450607306,
        0.06427658638893302,
        0.001087536405942252,
        0.5098842780505067,
        0.015184791898184925,
        0.027682333645787427
    ],
    "mp_poly_total": [
        0.05582560036077713,
        0.20636451401866712,
        0.09177371761645484,
        0.021921178401668157,
        0.13130383203998386,
        0.12238423448661345,
        0.015538516703922756,
        0.35488840637191266
    ],
    "mp_poisson_ratio": [
        0.0009736540399924443,
        0.499139021339591,
        0.15236349019867404,
        0.29182820690775485,
        0.05569562751398771
    ],
    "jarvis_2d_dielectric_opt": [
        0.1505231605935946,
        0.12413626834154452,
        0.012701900010430683,
        0.12339539590210952,
        0.5892432751523207
    ],
    "jarvis_2d_eform": [
        0.2970282794355468,
        0.015010748514569471,
        0.021575158277714047,
        0.029871464401193704,
        0.01591866868559104,
        0.559954553956767,
        0.014209504320328465,
        0.046431622408289575
    ],
    "jarvis_2d_exfoliation": [
        0.22450777580248646,
        0.28531961310477033,
        0.23543403638930532,
        0.25473857470343786
    ],
    "jarvis_2d_gap_opt": [
        0.405282062324419,
        0.06705357208950681,
        0.04769013938581958,
        0.005955598090350515,
        0.024386645534125034,
        0.38761654927316597,
        0.062015433302613075
    ],
    "mp_elastic_anisotropy": [
        1
    ],
    "mp_eps_electronic": [
        0.1345961282259565,
        0.01871525216795264,
        0.01365136528114924,
        0.03517869849404315,
        0.11987649184757446,
        0.0028472221138413495,
        0.6751348418694827
    ],
    "mp_eps_total": [
        0.060691803991442646,
        0.12955616991102697,
        0.07560793632729723,
        0.0876943306915653,
        0.05392739091188456,
        0.06284703914067304,
        0.5296753290261103
    ],
    "mp_phonons": [
        0.1301392201822597,
        0.17556810768212228,
        0.03987088940847433,
        0.067056423570547,
        0.15879243081134742,
        0.19766551537328134,
        0.1311715813297994,
        0.0997358316421686
    ],
    "mp_poly_electronic": [
        0.13742588204828826,
        0.2761820430694989,
        0.007418432478256347,
        0.02991745197742246,
        0.03448369421503161,
        0.5145724962115024
    ],
    "expt_bandgap": [
        0.5555449448002505,
        0.20267462761434915,
        0.044234811136445604,
        0.025133782195341434,
        0.17241183425361328
    ],
    "jarvis_3d_eps_tbmbj": [
        0.00342629557660825,
        0.12729318678176815,
        0.10562545479237988,
        0.04886129764470816,
        0.018661464465565623,
        0.03609291057516713,
        0.23242299814447376,
        0.013645842636902886,
        0.28094405986697923,
        0.13302648951544693
    ],
    "jarvis_3d_gap_tbmbj": [
        0.061043739964976584,
        0.0051696373343475535,
        0.836826841224423,
        0.007053686226331589,
        0.08990609524992121
    ],
    "mp_dielectric": [
        0.23128795475316824,
        0.022252086917541335,
        0.025180332011858448,
        0.1414311226982396,
        0.035525796717388494,
        0.014506998587275999,
        0.32241009716017166,
        0.08323154429319293,
        0.12417406686116339
    ]
}