{
    "piezoelectric_tensor": [
        0.03353884297413519,
        0.09301172763443485,
        0.1779941894360221,
        0.1611608972884856,
        0.3721651947454184,
        0.1621291479215038
    ],
    "expt_eform": [
        0.30654260912428793,
        0.018159464993349254,
        0.06074462019673911,
        0.021009507498412627,
        0.542710962506932,
        0.025701244900206636,
        0.025131590780072544
    ],
    "mp_poly_total": [
        0.13577600754018299,
        0.14657156887654305,
        0.12255718423786516,
        0.056130297994103816,
        0.05544101190498685,
        0.48352392944631817
    ],
    "mp_poisson_ratio": [
        0.33220530663332964,
        0.015934605883499625,
        0.21029847475545113,
        0.021125444673357422,
        0.25451949647206445,
        0.03576922298665622,
        0.015549175065221656,
        0.11459827353041985
    ],
    "jarvis_2d_dielectric_opt": [
        0.12573006613806748,
        0.09456671102696965,
        0.12725209006130042,
        0.07894328288689814,
        0.5735078498867643
    ],
    "jarvis_2d_eform": [
        0.25298207910114107,
        0.0269840632000597,
        0.052983095551267206,
        0.028267787313238465,
        0.560346101789437,
        0.07843687304485658
    ],
    "jarvis_2d_exfoliation": [
        0.3103907439378096,
        0.3334166940633967,
        0.06326825266745921,
        0.042424211442279064,
        0.2505000978890556
    ],
    "jarvis_2d_gap_opt": [
        0.31006768742535257,
        0.09087209324338354,
        0.054571480902077855,
        0.5435022835015568,
        0.0009864549276292767
    ],
    "mp_elastic_anisotropy": [
        1
    ],
    "mp_eps_electronic": [
        0.12153307259762995,
        0.0019388672925505362,
        0.026911724605216597,
        0.019565649996688146,
        0.01645147671723847,
        0.1323053110773524,
        0.6812938977133239
    ],
    "mp_eps_total": [
        0.0674870741891005,
        0.044617659874172926,
        0.029371587621841,
        0.11243631924611575,
        0.1576279720138214,
        0.025635557018343608,
        0.06757257494606661,
        0.49525125509053824
    ],
    "mp_phonons": [
        0.07286512423292398,
        0.18791310696970673,
        0.09199164321205248,
        0.11531726658918334,
        0.20956082844166823,
        0.11638489511497302,
        0.03961466917215385,
        0.16635246626733824
    ],
    "mp_poly_electronic": [
        0.049046936749934114,
        0.08195346352069655,
        0.021527171263109754,
        0.10447208179218798,
        0.011982277049720207,
        0.7310180696243513
    ],
    "expt_bandgap": [
        1.8571205119521085e-05,
        0.7122635020941344,
        0.024147189227129884,
        0.020826459664973977,
        0.05258244252059234,
        0.1187655497438091,
        0.07139628554424093
    ],
    "jarvis_3d_eps_tbmbj": [
        0.11639851032560103,
        0.01936979521303997,
        0.032426609114026256,
        0.08326759183690496,
        0.22190375904250195,
        0.15263167203851527,
        0.11097126537950085,
        0.03158409747097393,
        0.013513649225178784,
        0.05980726104652703,
        0.15812578930722998
    ],
    "jarvis_3d_gap_tbmbj": [
        0.032011767207086,
        0.0695694250067147,
        0.7805501427161873,
        0.03748035882706324,
        0.08038830624294879
    ],
    "mp_dielectric": [
        0.23004182110388152,
        0.19545406528403703,
        0.1647593302163158,
        0.2797215471460193,
        0.021672863587365282,
        0.1083503726623809
    ]
}