{
    "piezoelectric_tensor": [
        0.07801546938159593,
        0.04560223963566186,
        0.02463203465590419,
        0.20988104306443425,
        0.0786917263152478,
        0.33999711042446307,
        0.22318037652269296
    ],
    "expt_eform": [
        0.31266421482971374,
        0.014456709282011749,
        0.018954415051162278,
        0.08015475490415629,
        0.022269066336896758,
        0.48356021949360756,
        0.022916595083691916,
        0.033938136237346414,
        0.011085888781413256
    ],
    "mp_poly_total": [
        0.014906140909280639,
        0.028390076179569783,
        0.06003235369792449,
        0.06680234707171334,
        0.040187745817874654,
        0.12797543967418026,
        0.6617058966494568
    ],
    "mp_poisson_ratio": [
        0.40730345198127144,
        0.12887340502626135,
        0.04314145486287792,
        0.26932287696765483,
        0.10498471954294927,
        0.04637409161898509
    ],
    "jarvis_2d_dielectric_opt": [
        0.167717805807205,
        0.03242788611081042,
        0.1102438255788187,
        0.12420312294907251,
        0.5654073595540934
    ],
    "jarvis_2d_eform": [
        0.17958246725119548,
        0.011185184557397051,
        0.0028016380791711926,
        0.0494353467738997,
        0.016067448977676792,
        0.030346273092896947,
        0.6307009940140181,
        0.07988064725374466
    ],
    "jarvis_2d_exfoliation": [
        0.05485501028667253,
        0.4153931679538607,
        0.06303470440855632,
        0.31320871250943405,
        0.15350840484147643
    ],
    "jarvis_2d_gap_opt": [
        0.270782760526308,
        0.03578302490843238,
        0.003722290995773078,
        0.04528296812862019,
        0.015907248002224844,
        0.606329211517396,
        0.022192495921245392
    ],
    "mp_elastic_anisotropy": [
        0.005249673066743657,
        0.002586977563672734,
        0.3056583452253471,
        0.6865050041442365
    ],
    "mp_eps_electronic": [
        0.11152418269985123,
        0.009995768451366897,
        0.03215721637651085,
        0.08243217619170032,
        0.02849257947560144,
        0.7353980768049693
    ],
    "mp_eps_total": [
        0.06682136457565506,
        0.11890364096935808,
        0.17708801021216367,
        0.08694984151215483,
        0.5502371427306683
    ],
    "mp_phonons": [
        0.042568664355033925,
        0.21859534737594416,
        0.07638789772463006,
        0.2468816081805941,
        0.1570894999891684,
        0.07166555411345424,
        0.18681142826117514
    ],
    "mp_poly_electronic": [
        0.03363880231604326,
        0.05823124496447822,
        0.1856162457846941,
        0.04603847678329536,
        0.022991695856137695,
        0.6534835342953513
    ],
    "expt_bandgap": [
        0.5282518468935129,
        0.023418775144545642,
        0.1411441720667218,
        0.016096754822506783,
        0.20387490095062932,
        0.08721355012208354
    ],
    "jarvis_3d_eps_tbmbj": [
        0.2812652685880588,
        0.009510571497808137,
        0.01778262089317062,
        0.21247037941933666,
        0.17403129151386984,
        0.21226266839509755,
        0.09267719969265831
    ],
    "jarvis_3d_gap_tbmbj": [
        0.030421866542721873,
        0.009840739825260417,
        0.7971528815382104,
        0.16258451209380725
    ],
    "mp_dielectric": [
        0.11676613769085852,
        0.037028072910996336,
        0.052818837039875895,
        0.005291260829859579,
        0.012581435221249451,
        0.07320146858270396,
        0.06872010478076765,
        0.01910406685540511,
        0.10515582692006005,
        0.026768959904400397,
        0.041917974399468885,
        0.4406458548643542
    ]
}