{
    "piezoelectric_tensor": [
        0.06855293521865864,
        0.026457763472309603,
        0.08693600298049609,
        0.030925806474076792,
        0.12591858195604844,
        0.1354064299519589,
        0.05699875016356861,
        0.058152095635554,
        0.337327231708723,
        0.07332440243860594
    ],
    "expt_eform": [
        0.2802538631443777,
        0.0055496637568885,
        0.022110302754462775,
        0.06030520872251116,
        0.001426924722276856,
        0.5559791442169515,
        0.025079270646480772,
        0.03013418275834703,
        0.01916143927770375
    ],
    "mp_poly_total": [
        0.22244543213372084,
        0.14076448681343687,
        0.025322016700563776,
        0.04325763355394582,
        0.029773453491523105,
        0.5384369773068096
    ],
    "mp_poisson_ratio": [
        0.002673251084875372,
        0.3666396999381442,
        0.07424765589607032,
        0.3446913592489048,
        0.03259261588590393,
        0.17915541794610135
    ],
    "jarvis_2d_dielectric_opt": [
        0.23756259242995753,
        0.06950564342420051,
        0.041123029148810566,
        0.6518087349970314
    ],
    "jarvis_2d_eform": [
        0.18901253601656348,
        0.004619652263299611,
        0.013932517880220473,
        0.01595827556205814,
        0.0023986545932258244,
        0.044866252493532766,
        0.009683855433048864,
        0.6630181227147124,
        0.056510133043338406
    ],
    "jarvis_2d_exfoliation": [
        0.37539482653135936,
        0.6246051734686406
    ],
    "jarvis_2d_gap_opt": [
        0.03151569101450215,
        0.3154929740946339,
        0.07407792334351712,
        0.015414537158761343,
        0.5634988743885856
    ],
    "mp_elastic_anisotropy": [
        0.04146971194785191,
        0.9585302880521481
    ],
    "mp_eps_electronic": [
        0.1152857433005942,
        0.07545410518408235,
        0.16149041717866514,
        0.09751471835614114,
        0.03551087108418691,
        0.5147441448963302
    ],
    "mp_eps_total": [
        0.12948598198433867,
        0.017477353691819422,
        0.011083251538483295,
        0.20837758074647697,
        0.03217079183467845,
        0.015545696292874445,
        0.030930790063935565,
        0.029794210461917717,
        0.5251343433854754
    ],
    "mp_phonons": [
        0.04889632641473237,
        0.19675603824520688,
        0.030206626334156828,
        0.1431110841240698,
        0.23923018296865495,
        0.09661506941301093,
        0.10914431030176176,
        0.13604036219840654
    ],
    "mp_poly_electronic": [
        0.4718475156891025,
        0.004511971459946362,
        0.0024848973599133637,
        0.5211556154910377
    ],
    "expt_bandgap": [
        0.011217303802163583,
        0.4401375813726747,
        0.1565837083971533,
        0.1114201635191654,
        0.029726160820768413,
        0.13301974944889758,
        0.03764645038233448,
        0.08024888225684255
    ],
    "jarvis_3d_eps_tbmbj": [
        0.01711134884683374,
        0.10531931778229095,
        0.0011545615337517079,
        0.13819990762766474,
        0.10348172653992947,
        0.046702349279406224,
        0.018321800884332773,
        0.135039531717001,
        0.1824370864711861,
        0.2522323693176034
    ],
    "jarvis_3d_gap_tbmbj": [
        0.02983546249673842,
        0.13537290576853395,
        0.06876891838522556,
        0.011150983523693557,
        0.7257557175128408,
        0.010743383553054407,
        0.0183726287599133
    ],
    "mp_dielectric": [
        0.15385881655446793,
        0.05614310353260485,
        0.19782794337026877,
        0.14488195626328765,
        0.13615972800265888,
        0.02390579614299282,
        0.2872226561337192
    ]
}