{
    "mp_gvrh": 0.3715978191317988,
    "mp_kvrh": 0.36931416689311275,
    "jarvis_dielectric_opt": 1.3122683120119927,
    "p_avg_eff_mass": 1.1980030845677634,
    "n_avg_eff_mass": 1.1330927596101474,
    "p_Seebeck": 336.8962322194604,
    "n_Seebeck": 281.2871849313496,
    "castelli_eform": 0.7424820284502437,
    "mp_bandgap": 1.598958255631984,
    "weighted_p_th_cond": 5.567142791172274,
    "weighted_n_th_cond": 5.04718232277628,
    "jarvis_eform": 1.0393136591313,
    "jarvis_bandgap": 1.6288747831912913,
    "p_e_cond": 16.71247992126993,
    "jarvis_kvrh": 0.8152299442290076,
    "weighted_p_e_cond": 16.71247992126993,
    "jarvis_gvrh": 0.8691586519887995,
    "mp_eform": 1.1631288796780275,
    "n_e_cond": 12.915422673328878,
    "p_th_cond": 5.567142791172274,
    "weighted_n_e_cond": 12.915422673328878,
    "n_th_cond": 5.04718232277628
}