{
    "mp_gvrh": 1.553638510911706,
    "mp_kvrh": 1.8804458592429336,
    "jarvis_dielectric_opt": 3.1159148631735336,
    "p_avg_eff_mass": 2.061880458233907,
    "n_avg_eff_mass": 1.1690912007981473,
    "p_Seebeck": 417.41604539105754,
    "n_Seebeck": 332.29375753000403,
    "castelli_eform": 1.470931952662722,
    "mp_bandgap": 1.21426648007313,
    "weighted_p_th_cond": 27.45632290822777,
    "weighted_n_th_cond": 28.285663031968287,
    "jarvis_eform": -1.1344886780079466,
    "jarvis_bandgap": 0.971260573545086,
    "p_e_cond": 14.944124393463942,
    "jarvis_kvrh": 4.26085506971796,
    "weighted_p_e_cond": 14.944124393436939,
    "jarvis_gvrh": 3.475994757267968,
    "mp_eform": -1.4079183165370126,
    "n_e_cond": 7.500007003799423,
    "p_th_cond": 27.456322908227765,
    "weighted_n_e_cond": 7.500007003799423,
    "n_th_cond": 28.285663031968287
}